backend,package_url,package_commit,op_name,semantic_equivalence,hidden_lmax,max_ell,correlation,channels,edges,dtype,mode,warmup,measured,forward_ms,backward_ms,total_ms,edges_per_s,peak_mem_gb,status,error,notes
ictd_compile_fwbw,local /home/ylzhang/lrx/MACE-ICTC (== github MACE-ICTC); local git 414aa25,414aa25,ictd_tp_torchcompile_flat_fwbw,"ICTC flat-wrapper torch.compile tensor product, forward+backward",1,1,2,64,100000,float32,forward_backward,30,50,2.80371,8.04659,10.8503,9216331.9,1.4846,ok,,paths=4; flat wrapper; torch.compile(max-autotune-no-cudagraphs)
e3nn,https://github.com/e3nn/e3nn,e3nn==0.5.9,e3nn_tp_fused_fwbw,"e3nn codegen-fused tensor product, forward+backward reference",1,1,2,64,100000,float32,forward_backward,20,50,1.3749,6.28634,7.66123,13052731.1,1.0991,ok,,paths=4; codegen-fused tensor product
cartnn,https://github.com/xvzemin/cartnn,4d0dc381ffe76d62ccddb5cf8ab5030b270a5869,cartnn_tp_fused_fwbw,"cartnn codegen-fused tensor product, forward+backward reference",1,1,2,64,100000,float32,forward_backward,20,50,1.3752,6.28771,7.66291,13049869.6,1.0991,ok,,paths=4; codegen-fused tensor product
ictd_compile_fwbw,local /home/ylzhang/lrx/MACE-ICTC (== github MACE-ICTC); local git 414aa25,414aa25,ictd_tp_torchcompile_flat_fwbw,"ICTC flat-wrapper torch.compile tensor product, forward+backward",1,2,2,64,100000,float32,forward_backward,30,50,3.78261,10.60602,14.38862,6949934.8,2.2853,ok,,paths=5; flat wrapper; torch.compile(max-autotune-no-cudagraphs)
e3nn,https://github.com/e3nn/e3nn,e3nn==0.5.9,e3nn_tp_fused_fwbw,"e3nn codegen-fused tensor product, forward+backward reference",1,2,2,64,100000,float32,forward_backward,20,50,3.83574,9.64787,13.48362,7416408.2,1.4342,ok,,paths=5; codegen-fused tensor product
cartnn,https://github.com/xvzemin/cartnn,4d0dc381ffe76d62ccddb5cf8ab5030b270a5869,cartnn_tp_fused_fwbw,"cartnn codegen-fused tensor product, forward+backward reference",1,2,2,64,100000,float32,forward_backward,20,50,3.83874,9.65232,13.49106,7412318.2,1.4358,ok,,paths=5; codegen-fused tensor product
ictd_compile_fwbw,local /home/ylzhang/lrx/MACE-ICTC (== github MACE-ICTC); local git 414aa25,414aa25,ictd_tp_torchcompile_flat_fwbw,"ICTC flat-wrapper torch.compile tensor product, forward+backward",2,2,2,64,100000,float32,forward_backward,30,50,11.47864,34.16422,45.64286,2190923.0,5.5874,ok,,paths=11; flat wrapper; torch.compile(max-autotune-no-cudagraphs)
e3nn,https://github.com/e3nn/e3nn,e3nn==0.5.9,e3nn_tp_fused_fwbw,"e3nn codegen-fused tensor product, forward+backward reference",2,2,2,64,100000,float32,forward_backward,20,50,13.53146,37.27309,50.80454,1968327.9,4.2485,ok,,paths=11; codegen-fused tensor product
cartnn,https://github.com/xvzemin/cartnn,4d0dc381ffe76d62ccddb5cf8ab5030b270a5869,cartnn_tp_fused_fwbw,"cartnn codegen-fused tensor product, forward+backward reference",2,2,2,64,100000,float32,forward_backward,20,50,16.4224,46.21923,62.64163,1596382.4,6.1053,ok,,paths=11; codegen-fused tensor product
ictd_compile_fwbw,local /home/ylzhang/lrx/MACE-ICTC (== github MACE-ICTC); local git 414aa25,414aa25,ictd_tp_torchcompile_flat_fwbw,"ICTC flat-wrapper torch.compile tensor product, forward+backward",2,3,2,64,100000,float32,forward_backward,30,50,14.72398,42.1837,56.90768,1757232.0,7.3712,ok,,paths=13; flat wrapper; torch.compile(max-autotune-no-cudagraphs)
e3nn,https://github.com/e3nn/e3nn,e3nn==0.5.9,e3nn_tp_fused_fwbw,"e3nn codegen-fused tensor product, forward+backward reference",2,3,2,64,100000,float32,forward_backward,20,50,18.7529,48.71426,67.46715,1482202.8,5.1352,ok,,paths=13; codegen-fused tensor product
cartnn,https://github.com/xvzemin/cartnn,4d0dc381ffe76d62ccddb5cf8ab5030b270a5869,cartnn_tp_fused_fwbw,"cartnn codegen-fused tensor product, forward+backward reference",2,3,2,64,100000,float32,forward_backward,20,50,22.5239,59.08531,81.60922,1225351.8,7.4931,ok,,paths=13; codegen-fused tensor product
ictd_compile_fwbw,local /home/ylzhang/lrx/MACE-ICTC (== github MACE-ICTC); local git 414aa25,414aa25,ictd_tp_torchcompile_flat_fwbw,"ICTC flat-wrapper torch.compile tensor product, forward+backward",3,3,2,64,100000,float32,forward_backward,30,50,35.16058,93.50944,128.67002,777181.8,14.4631,ok,,paths=23; flat wrapper; torch.compile(max-autotune-no-cudagraphs)
e3nn,https://github.com/e3nn/e3nn,e3nn==0.5.9,e3nn_tp_fused_fwbw,"e3nn codegen-fused tensor product, forward+backward reference",3,3,2,64,100000,float32,forward_backward,20,50,34.82265,139.97619,174.79884,572086.2,12.3954,ok,,paths=23; codegen-fused tensor product
cartnn,https://github.com/xvzemin/cartnn,4d0dc381ffe76d62ccddb5cf8ab5030b270a5869,cartnn_tp_fused_fwbw,"cartnn codegen-fused tensor product, forward+backward reference",3,3,2,64,100000,float32,forward_backward,20,0,,,,,,oom,"OutOfMemoryError:CUDA out of memory. Tried to allocate 5.89 GiB. GPU 0 has a total capacity of 23.64 GiB of which 388.69 MiB is free. Including non-PyTorch memory, this process has 23.12 GiB memory in use. Of the allocated memory 17.14 GiB is allocated by PyTorch, and 5.55 GiB is reserved by PyTorch",
